test_id,category,variety,condition,model,input,output,source_retention,cross_substitution_rate,protected_term_loss,unchanged,suspect_reasoning_leak
FRC001,lexical,fr,baseline,choco-fr,Vous pouvez consulter votre dossier en ligne et nous contacter par e-mail.,Consultez votre portfolio en ligne et contactez-nous par courriel.,0.0,1.0,1.0,False,False
FRC001,lexical,fr,canadian,choco-fr,Vous pouvez consulter votre dossier en ligne et nous contacter par e-mail.,On peut accéder à ses dossiers via notre plateforme web et communiquer avec nous au moyen de courriels électroniques.,0.0,1.0,1.0,False,False
FRC001,lexical,fr,metropolitan,choco-fr,Vous pouvez consulter votre dossier en ligne et nous contacter par e-mail.,Consultez vos dossiers via notre plateforme en ligne ou écrivez à nos équipes par courriel.,0.0,1.0,1.0,False,False
FRC001,lexical,fr,proofread,choco-fr,Vous pouvez consulter votre dossier en ligne et nous contacter par e-mail.,Vous pouvez consulter votre dossiers en ligne et nous contacter par courriel.,0.0,1.0,1.0,False,False
FRC002,lexical,fr,baseline,choco-fr,Le parking est accessible derrière le bâtiment à partir de 7 h.,L'espace de stationnement se trouve derrière l'immeuble et devient disponible dès 7 heures du matin.,0.0,1.0,1.0,False,False
FRC002,lexical,fr,canadian,choco-fr,Le parking est accessible derrière le bâtiment à partir de 7 h.,L'espace pour stationnement se trouve situé en arrière du édifice depuis les premières heures de l'après-midi.,0.0,1.0,1.0,False,False
FRC002,lexical,fr,metropolitan,choco-fr,Le parking est accessible derrière le bâtiment à partir de 7 h.,"L'accès au stationnement se fait après l'édifice depuis les premières heures du matin, à partir de sept heures du soir.",0.0,1.0,1.0,False,False
FRC002,lexical,fr,proofread,choco-fr,Le parking est accessible derrière le bâtiment à partir de 7 h.,Le parking est accessible depuis la fin du bâtiment à partir de 7 heures.,1.0,0.0,0.0,False,False
FRC003,lexical,fr,baseline,choco-fr,L'activité aura lieu le week-end prochain au centre social.,L'événement se tiendra les jours du samedi et dimanche suivants dans la médiathèque communautaire.,0.0,0.0,1.0,False,False
FRC003,lexical,fr,canadian,choco-fr,L'activité aura lieu le week-end prochain au centre social.,La manifestation se tiendra samedi ou dimanche à venir dans la médiathèque communautaire.,0.0,0.0,1.0,False,False
FRC003,lexical,fr,metropolitan,choco-fr,L'activité aura lieu le week-end prochain au centre social.,La manifestation se tiendra dans les locaux du centre communautaire pour la semaine suivante.,0.0,0.0,1.0,False,False
FRC003,lexical,fr,proofread,choco-fr,L'activité aura lieu le week-end prochain au centre social.,L'activité se tiendra le week-end prochain dans la salle du centre social.,1.0,0.0,0.0,False,False
FRC004,lexical,fr,baseline,choco-fr,Profitez de nos soldes pour faire votre shopping de Noël.,Tirez profit des promotions spéciales pour réaliser vos achats de fin d'année.,0.0,0.0,1.0,False,False
FRC004,lexical,fr,canadian,choco-fr,Profitez de nos soldes pour faire votre shopping de Noël.,Déplace-toi dans notre marathon d'offres spéciales à l'occasion du marché des fêtes de fin d'année.,0.0,0.0,1.0,False,False
FRC004,lexical,fr,metropolitan,choco-fr,Profitez de nos soldes pour faire votre shopping de Noël.,Saisissez les promotions spéciales en vente pendant cette période festive du commerce des articles de fin d'année.,0.0,0.0,1.0,False,False
FRC004,lexical,fr,proofread,choco-fr,Profitez de nos soldes pour faire votre shopping de Noël.,Profitons des soldes pour faire notre achat de Noël.,0.0,0.0,1.0,False,False
FRC005,lexical,fr,baseline,choco-fr,Ce pull en laine est disponible en trois couleurs.,Le pull de laine proposé se décline en trois teintes différentes.,1.0,0.0,0.0,False,False
FRC005,lexical,fr,canadian,choco-fr,Ce pull en laine est disponible en trois couleurs.,On peut se procurer ce pullover de laine dans une trio de teintes différentes.,0.0,0.0,1.0,False,False
FRC005,lexical,fr,metropolitan,choco-fr,Ce pull en laine est disponible en trois couleurs.,Le pullover à base de laine se propose dans une sélection de trois teintes différentes.,0.0,0.0,1.0,False,False
FRC005,lexical,fr,proofread,choco-fr,Ce pull en laine est disponible en trois couleurs.,Ce pull en laine est disponible dans trois couleurs.,1.0,0.0,0.0,False,False
FRC006,lexical,fr,baseline,choco-fr,Notre podcast hebdomadaire est désormais disponible sur toutes les plateformes.,Nos émissions de podcast se tiennent maintenant à travers toutes les plateformes disponibles.,1.0,0.0,0.0,False,False
FRC006,lexical,fr,canadian,choco-fr,Notre podcast hebdomadaire est désormais disponible sur toutes les plateformes.,Nos émissions de radio se tiennent maintenant à travers tous les supports numériques disponibles.,0.0,0.0,1.0,False,False
FRC006,lexical,fr,metropolitan,choco-fr,Notre podcast hebdomadaire est désormais disponible sur toutes les plateformes.,Le nouvel épisode de notre émission quotidienne peut être consommé via divers services d'hébergement en ligne.,0.0,0.0,1.0,False,False
FRC006,lexical,fr,proofread,choco-fr,Notre podcast hebdomadaire est désormais disponible sur toutes les plateformes.,Notre podcast hebdomadaire est désormais accessible dans toutes les plateformes.,1.0,0.0,0.0,False,False
FRC007,terminology,fr,baseline,choco-fr,Votre smartphone peut se connecter au réseau Wi-Fi de la maison.,Le téléphone intelligent est capable d'établir une connexion à un réseau Wi-Fi domestique.,0.0,1.0,1.0,False,False
FRC007,terminology,fr,canadian,choco-fr,Votre smartphone peut se connecter au réseau Wi-Fi de la maison.,Le téléphone intelligent que vous possédez est capable d'établir une connexion à un réseau Wi-Fi domestique.,0.0,1.0,1.0,False,False
FRC007,terminology,fr,metropolitan,choco-fr,Votre smartphone peut se connecter au réseau Wi-Fi de la maison.,Le téléphone intelligent possède la capacité d'établir une connexion à un réseau domestique fonctionnant sur le protocole Wi-Fi.,0.0,1.0,1.0,False,False
FRC007,terminology,fr,proofread,choco-fr,Votre smartphone peut se connecter au réseau Wi-Fi de la maison.,Votre téléphone mobile peut se connecter au réseau Wi-Fi domestique.,0.0,0.0,1.0,False,False
FRC008,terminology,fr,baseline,choco-fr,Méfiez-vous des tentatives de phishing qui imitent nos e-mails officiels.,Préparez-vous contre les escroqueries par courriel ressemblant à ceux que nous envoyons.,0.0,0.0,1.0,False,False
FRC008,terminology,fr,canadian,choco-fr,Méfiez-vous des tentatives de phishing qui imitent nos e-mails officiels.,Préparez-vous contre les escroqueries d'ingénierie visant à vous tromper avec des courriels ressemblants aux nôtres.,0.0,0.0,1.0,False,False
FRC008,terminology,fr,metropolitan,choco-fr,Méfiez-vous des tentatives de phishing qui imitent nos e-mails officiels.,Préparez-vous contre les escroqueries par courriel ressemblant à notre communication électronique officielle.,0.0,0.0,1.0,False,False
FRC008,terminology,fr,proofread,choco-fr,Méfiez-vous des tentatives de phishing qui imitent nos e-mails officiels.,Méfiez-vous des tentatives de phishing qui imitent les emails officiels que nous envoyons.,1.0,0.0,0.0,False,False
FRC009,terminology,fr,baseline,choco-fr,Ce site utilise des cookies pour mémoriser vos préférences.,Ce site recueille des données via des cookies afin de personnaliser votre expérience.,1.0,0.0,0.0,False,False
FRC009,terminology,fr,canadian,choco-fr,Ce site utilise des cookies pour mémoriser vos préférences.,On se sert de cookies pour stocker tes goûts personnels sur ce site web.,1.0,0.0,0.0,False,False
FRC009,terminology,fr,metropolitan,choco-fr,Ce site utilise des cookies pour mémoriser vos préférences.,Le contenu de ce site est géré par l'utilisation de cookies afin d'enregistrer les choix personnels du visiteur.,1.0,0.0,0.0,False,False
FRC009,terminology,fr,proofread,choco-fr,Ce site utilise des cookies pour mémoriser vos préférences.,Ce site utilise des cookies afin de stocker vos préférences personnelles.,1.0,0.0,0.0,False,False
FRC010,terminology,fr,baseline,choco-fr,La migration vers le cloud réduira les coûts d'exploitation.,L'adoption du cloud économisera les dépenses opérationnelles.,1.0,0.0,0.0,False,False
FRC010,terminology,fr,canadian,choco-fr,La migration vers le cloud réduira les coûts d'exploitation.,L'adoption du cloud va diminuer les dépenses liées à l'exploitation des systèmes informatiques.,1.0,0.0,0.0,False,False
FRC010,terminology,fr,metropolitan,choco-fr,La migration vers le cloud réduira les coûts d'exploitation.,L'adoption de l'infrastructure en nuage minimisera les dépenses liées à la gestion des serveurs physiques.,0.0,0.0,1.0,False,False
FRC010,terminology,fr,proofread,choco-fr,La migration vers le cloud réduira les coûts d'exploitation.,La migration vers le cloud devrait réduire les coûts d'exploitation.,1.0,0.0,0.0,False,False
FRC011,semantic,fr,baseline,choco-fr,Le petit-déjeuner sera servi à 8 h dans le hall d'entrée.,Le petit-déjeuner sera dispensé au salon de l'accueil aux 8 heures du matin.,1.0,0.0,0.0,False,False
FRC011,semantic,fr,canadian,choco-fr,Le petit-déjeuner sera servi à 8 h dans le hall d'entrée.,L'aubaine matinale se tiendra au salon de l'accueil aux horaires précisés à minuit et demie heure du jour.,0.0,0.0,1.0,False,False
FRC011,semantic,fr,metropolitan,choco-fr,Le petit-déjeuner sera servi à 8 h dans le hall d'entrée.,La distribution du petit déjeuner aura lieu au salon de l'accueil aux horaires de 08 heures précises.,1.0,0.0,0.0,False,False
FRC011,semantic,fr,proofread,choco-fr,Le petit-déjeuner sera servi à 8 h dans le hall d'entrée.,Le petit déjeuner sera servi au hall d'entrée à 8 heures.,1.0,0.0,0.0,False,False
FRC012,semantic,fr,baseline,choco-fr,"Après le déjeuner, nous retournerons au travail vers 13 h.","Après le dîner, revenrons travailler à partir de 13 heures.",0.0,1.0,1.0,False,False
FRC012,semantic,fr,canadian,choco-fr,"Après le déjeuner, nous retournerons au travail vers 13 h.","Lorsque l'heure du dîner sera passée, il faudra reprendre nos occupations professionnelles à partir de midi heure.",0.0,1.0,1.0,False,False
FRC012,semantic,fr,metropolitan,choco-fr,"Après le déjeuner, nous retournerons au travail vers 13 h.","Suivi de repas terminé, prenons la route pour reprendre nos activités professionnelles à partir des heures treize.",0.0,0.0,1.0,False,False
FRC012,semantic,fr,proofread,choco-fr,"Après le déjeuner, nous retournerons au travail vers 13 h.","Après le déjeuner, nous retournons au travail à 13 heures.",1.0,0.0,0.0,False,False
FRC013,register,fr,baseline,choco-fr,"Bonjour, merci de nous avoir contactés. Nous avons bien reçu votre demande et un conseiller vous rappellera sous deux jours ouvrés.","Cher utilisateur, en remerciement pour vos informations, notre équipe a pris connaissance de votre requête. Un représentant sera à votre écoute dans les prochaines quatre semaines.",0.0,0.0,1.0,False,False
FRC013,register,fr,canadian,choco-fr,"Bonjour, merci de nous avoir contactés. Nous avons bien reçu votre demande et un conseiller vous rappellera sous deux jours ouvrés.","Salutations, on t'a bien entendu lorsqu'il s'est passé. Un spécialiste se tiendra à l'écoute dans les prochains temps-là.",0.0,0.0,1.0,False,False
FRC013,register,fr,metropolitan,choco-fr,"Bonjour, merci de nous avoir contactés. Nous avons bien reçu votre demande et un conseiller vous rappellera sous deux jours ouvrés.","Cher client, en appréciation de votre message, assurons-vous que notre service répondra à vos attentes dans les prochaines semaines. Un spécialiste sera joignable pour une réponse personnalisée au plus tard deux jours ouvrables.",0.0,1.0,1.0,False,False
FRC013,register,fr,proofread,choco-fr,"Bonjour, merci de nous avoir contactés. Nous avons bien reçu votre demande et un conseiller vous rappellera sous deux jours ouvrés.","Bonjour, merci d'avoir contacté notre entreprise. Notre équipe a bien traitée votre requête et un conseiller vous rejoindra dans les deux prochains jours ouvrables.",0.0,1.0,1.0,False,False
FRC014,grammar,fr,baseline,choco-fr,"Assieds-toi, je vais te raconter ce qui s'est passé hier.","Asseyez-vous, j'envisage de t'expliquer les événements d'hier soir.",0.0,0.0,1.0,False,False
FRC014,grammar,fr,canadian,choco-fr,"Assieds-toi, je vais te raconter ce qui s'est passé hier.","Asseye-toi, j'ai l'intention de t'en dire tout sur les événements d'hier soir.",0.0,0.0,1.0,False,False
FRC014,grammar,fr,metropolitan,choco-fr,"Assieds-toi, je vais te raconter ce qui s'est passé hier.","Asseyez-vous, j'ai l'intention de t'en décrire les événements d'aujourd'hui.",0.0,0.0,1.0,False,False
FRC014,grammar,fr,proofread,choco-fr,"Assieds-toi, je vais te raconter ce qui s'est passé hier.","Asseye-toi, je vais t'en raconter ce qui s'est passé hier.",0.0,0.0,1.0,False,False
FRC015,lexical,fr,baseline,choco-fr,Il y a une supérette ouverte jusqu'à 23 h au coin de la rue.,La boulangerie est restée ouverte jusqu'à minuit à l'angle du trottoir.,0.0,0.0,1.0,False,False
FRC015,lexical,fr,canadian,choco-fr,Il y a une supérette ouverte jusqu'à 23 h au coin de la rue.,Une épicerie est en activité jusqu'à minuit à l'angle du boulevard.,0.0,0.0,1.0,False,False
FRC015,lexical,fr,metropolitan,choco-fr,Il y a une supérette ouverte jusqu'à 23 h au coin de la rue.,La boulangerie familiale fonctionne en permanence jusqu'au crépuscule à minuit sur l'angle du chemin.,0.0,0.0,1.0,False,False
FRC015,lexical,fr,proofread,choco-fr,Il y a une supérette ouverte jusqu'à 23 h au coin de la rue.,Il y a une épicerie ouverte jusqu'à 23 heures au coin de la rue.,0.0,0.0,1.0,False,False
FRC016,lexical,fr,baseline,choco-fr,Le ferry relie Québec et Lévis toutes les vingt minutes.,Le bac assure une liaison entre Québec et Lévis tous les vingt minutes.,1.0,0.0,1.0,False,False
FRC016,lexical,fr,canadian,choco-fr,Le ferry relie Québec et Lévis toutes les vingt minutes.,L'embarcadère assure une liaison quotidienne entre la ville de Québec et celle de Lévis à des intervalles réguliers d'une demi-heure.,0.0,0.0,1.0,False,False
FRC016,lexical,fr,metropolitan,choco-fr,Le ferry relie Québec et Lévis toutes les vingt minutes.,La traversée par bateau assure la liaison entre Québec et Lévis à intervalles réguliers de vingt minutes.,0.0,0.0,1.0,False,False
FRC016,lexical,fr,proofread,choco-fr,Le ferry relie Québec et Lévis toutes les vingt minutes.,Le ferry relie Québec à Lévis toutes les vingt minutes.,1.0,0.0,0.0,False,False
FRC017,lexical,fr,baseline,choco-fr,Utilisez le chat en direct pour parler à un conseiller.,Pour discuter en temps réel avec un conseiller via une plateforme de messagerie instantanée.,0.0,0.0,1.0,False,False
FRC017,lexical,fr,canadian,choco-fr,Utilisez le chat en direct pour parler à un conseiller.,Optez pour une conversation interactive via messagerie instantanée afin de consulter votre guide spirituel.,0.0,0.0,1.0,False,False
FRC017,lexical,fr,metropolitan,choco-fr,Utilisez le chat en direct pour parler à un conseiller.,Pour engager une conversation instantanée avec un conseiller via un canal de messagerie interactif.,0.0,0.0,1.0,False,False
FRC017,lexical,fr,proofread,choco-fr,Utilisez le chat en direct pour parler à un conseiller.,Utilisez le chatroom pour discuter avec un conseiller.,0.0,0.0,1.0,False,False
FRC018,lexical,fr,baseline,choco-fr,Supprimez les spams sans ouvrir les pièces jointes.,Éliminez les publicités non désirées sans ouvrir les fichiers annexes attachés.,0.0,0.0,1.0,False,False
FRC018,lexical,fr,canadian,choco-fr,Supprimez les spams sans ouvrir les pièces jointes.,Évite de cliquer sur des liens pour recevoir des courriels promotionnels non désirés.,0.0,0.0,1.0,False,False
FRC018,lexical,fr,metropolitan,choco-fr,Supprimez les spams sans ouvrir les pièces jointes.,Évitez de consulter des publicités non désirées en évitant l'ouverture d'annexes associées aux courriels.,0.0,0.0,1.0,False,False
FRC018,lexical,fr,proofread,choco-fr,Supprimez les spams sans ouvrir les pièces jointes.,Éliminez les publicités non désirées sans ouvrir les fichiers annexes.,0.0,0.0,1.0,False,False
FRC019,lexical,fr,baseline,choco-fr,Vous devez télécharger votre pièce d'identité avant de soumettre la demande.,Téléchargez votre document d'identification avant de déposer une requête officielle.,0.0,0.0,1.0,False,False
FRC019,lexical,fr,canadian,choco-fr,Vous devez télécharger votre pièce d'identité avant de soumettre la demande.,Il faut installer l'authentification par document personnel à temps pour déposer sa requête en cours.,0.0,0.0,1.0,False,False
FRC019,lexical,fr,metropolitan,choco-fr,Vous devez télécharger votre pièce d'identité avant de soumettre la demande.,Il est impératif de procéder au téléchargement de son document officiel personnel à titre préalable pour effectuer une requête officielle.,0.0,0.0,1.0,False,False
FRC019,lexical,fr,proofread,choco-fr,Vous devez télécharger votre pièce d'identité avant de soumettre la demande.,Vous devez télécharger vos documents d'identification avant de soumettre la demande.,1.0,0.0,0.0,False,False
FRC020,lexical,fr,baseline,choco-fr,Consultez le tableau d'affichage pour connaître les offres d'emploi internes.,Consultez la grille des postes pour savoir quelles sont les opportunités de carrière au sein de l'entreprise.,0.0,0.0,1.0,False,False
FRC020,lexical,fr,canadian,choco-fr,Consultez le tableau d'affichage pour connaître les offres d'emploi internes.,Veillez au tableau des annonces interne pour dénicher les postes vacants à l'intérieur de votre entreprise.,0.0,0.0,1.0,False,False
FRC020,lexical,fr,metropolitan,choco-fr,Consultez le tableau d'affichage pour connaître les offres d'emploi internes.,Examinez la grille de présentation afin d'apprendre sur les postes disponibles au sein du personnel interne.,0.0,0.0,1.0,False,False
FRC020,lexical,fr,proofread,choco-fr,Consultez le tableau d'affichage pour connaître les offres d'emploi internes.,Consultez le tableau des postes pour connaître les offres d'emplois internes.,0.0,0.0,1.0,False,False
FRC021,lexical,fr,baseline,choco-fr,Nous offrons la livraison gratuite sur tout achat de plus de cent euros.,Offre une livraison à prix coûtant pour tous les commandes supérieures à cent euros.,1.0,0.0,0.0,False,False
FRC021,lexical,fr,canadian,choco-fr,Nous offrons la livraison gratuite sur tout achat de plus de cent euros.,On nous promet une livraison à titre gracieux pour tous les commandes dépassant cent euros encaissés.,1.0,0.0,0.0,False,False
FRC021,lexical,fr,metropolitan,choco-fr,Nous offrons la livraison gratuite sur tout achat de plus de cent euros.,Offre une livraison à titre gratuit pour tous les commandes dépassant cent euros encaissés.,1.0,0.0,0.0,False,False
FRC021,lexical,fr,proofread,choco-fr,Nous offrons la livraison gratuite sur tout achat de plus de cent euros.,Nous offrons une livraison gratuite pour tous les achats supérieurs à cent euros.,1.0,0.0,0.0,False,False
FRC022,lexical,fr,baseline,choco-fr,Le poste est à temps plein et l'employeur propose une mutuelle.,Ce poste offre un emploi à temps complet et comprend la fourniture d'une mutuelle par l'entreprise employante.,1.0,0.0,0.0,False,False
FRC022,lexical,fr,canadian,choco-fr,Le poste est à temps plein et l'employeur propose une mutuelle.,Ce travail offre un statut de permanent et la compagnie assure également des cotisations à une mutuelle.,1.0,0.0,0.0,False,False
FRC022,lexical,fr,metropolitan,choco-fr,Le poste est à temps plein et l'employeur propose une mutuelle.,"Ce rôle nécessite un engagement de travail complet sur une durée fixe ; en contrepartie, la société offre des services d'assurance collective.",0.0,1.0,1.0,False,False
FRC022,lexical,fr,proofread,choco-fr,Le poste est à temps plein et l'employeur propose une mutuelle.,Le poste est à temps plein et l'entreprise offre une mutuelle.,1.0,0.0,0.0,False,False
FRC023,terminology,fr,baseline,choco-fr,L'attaque par ransomware a chiffré les serveurs de l'organisme.,La cyberattaque à base de rançongiciel a détroussé des données en crypte sur les serveurs de l'institution.,0.0,1.0,1.0,False,False
FRC023,terminology,fr,canadian,choco-fr,L'attaque par ransomware a chiffré les serveurs de l'organisme.,La cyberattaque à base d'extorsion numérique s'est abattue sur les infrastructures informatiques du groupe.,0.0,0.0,1.0,False,False
FRC023,terminology,fr,metropolitan,choco-fr,L'attaque par ransomware a chiffré les serveurs de l'organisme.,La cyberattaque à base de rançongiciel a contraint à crypter les équipements informatiques du groupe concerné.,0.0,1.0,1.0,False,False
FRC023,terminology,fr,proofread,choco-fr,L'attaque par ransomware a chiffré les serveurs de l'organisme.,L'attaque par rançome a chiffré les serveurs de l'organisation.,0.0,0.0,1.0,False,False
FRC024,terminology,fr,baseline,choco-fr,Nos modèles de machine learning sont entraînés sur du big data anonymisé.,Notre approche d'apprentissage automatique repose sur des données massives et désidentifiées pour l'entraînement.,0.0,0.5,1.0,False,False
FRC024,terminology,fr,canadian,choco-fr,Nos modèles de machine learning sont entraînés sur du big data anonymisé.,Notre série d'algorithmes d'apprentissage automatique est formée à partir de données massives et désidentifiées.,0.0,0.5,1.0,False,False
FRC024,terminology,fr,metropolitan,choco-fr,Nos modèles de machine learning sont entraînés sur du big data anonymisé.,Les systèmes d'apprentissage automatique que nous développons subissent une formation à partir de données massives et désidentifiées.,0.0,0.5,1.0,False,False
FRC024,terminology,fr,proofread,choco-fr,Nos modèles de machine learning sont entraînés sur du big data anonymisé.,Nos modèles de machine learning sont entraînés sur des données massives anonymisées.,0.5,0.0,0.5,False,False
FRC025,terminology,fr,baseline,choco-fr,Ajoutez un selfie à votre profil pour personnaliser votre compte.,Incluez une photo de vous-même dans vos informations d'identification afin de mieux individualiser votre compte.,0.0,0.0,1.0,False,False
FRC025,terminology,fr,canadian,choco-fr,Ajoutez un selfie à votre profil pour personnaliser votre compte.,Incluez une photo de vous-même dans vos informations d'utilisateur afin de rendre plus personnel votre identité en ligne.,0.0,0.0,1.0,False,False
FRC025,terminology,fr,metropolitan,choco-fr,Ajoutez un selfie à votre profil pour personnaliser votre compte.,Incluez une image de vous-même dans la section d'identification du profil afin d'affiner son caractère personnel.,0.0,0.0,1.0,False,False
FRC025,terminology,fr,proofread,choco-fr,Ajoutez un selfie à votre profil pour personnaliser votre compte.,Ajoutez une photo de vous-même sur votre profil afin d'affiner son contenu personnel.,0.0,0.0,1.0,False,False
FRC026,terminology,fr,baseline,choco-fr,Vous pouvez déposer une demande d'allocation chômage en ligne.,Vous avez la possibilité de soumettre une requête pour l'attribution du chômage via le réseau informatique.,1.0,0.0,1.0,False,False
FRC026,terminology,fr,canadian,choco-fr,Vous pouvez déposer une demande d'allocation chômage en ligne.,On peut soumettre une requête pour l'attribution de prestations chômage sur internet.,1.0,0.0,1.0,False,False
FRC026,terminology,fr,metropolitan,choco-fr,Vous pouvez déposer une demande d'allocation chômage en ligne.,Il est possible de soumettre une requête pour l'octroi du versement des indemnités chômage via le support numérique disponible sur internet.,1.0,0.0,1.0,False,False
FRC026,terminology,fr,proofread,choco-fr,Vous pouvez déposer une demande d'allocation chômage en ligne.,Vous pouvez déposer une demande d'allocations chômages en ligne.,1.0,0.0,0.0,False,False
FRC027,terminology,fr,baseline,choco-fr,Le pilote de l'imprimante et le plugin du navigateur ont été mis à jour.,La mise à jour a concerné le pilote de l'impression ainsi que la version logicielle associée au navigateur web.,0.0,0.0,1.0,False,False
FRC027,terminology,fr,canadian,choco-fr,Le pilote de l'imprimante et le plugin du navigateur ont été mis à jour.,La mise à jour a touché la commandeur de l'imprimerie ainsi que les extensions web des navigateurs.,0.0,0.0,1.0,False,False
FRC027,terminology,fr,metropolitan,choco-fr,Le pilote de l'imprimante et le plugin du navigateur ont été mis à jour.,La gestionnaire d'impression ainsi que la fonctionnalité complémentaire pour les navigateurs web se sont vu apporter des améliorations récentes.,0.0,0.0,1.0,False,False
FRC027,terminology,fr,proofread,choco-fr,Le pilote de l'imprimante et le plugin du navigateur ont été mis à jour.,Le pilote de l'impression et le plugin du navigateur ont été mis à jour.,1.0,0.0,0.0,False,False
FRC028,terminology,fr,baseline,choco-fr,Présentez-vous à un guichet de la préfecture avec votre permis de conduire.,Arrivez au bureau des services administratifs en possession de votre carte d'apprentissage du véhicule.,0.0,0.0,1.0,False,False
FRC028,terminology,fr,canadian,choco-fr,Présentez-vous à un guichet de la préfecture avec votre permis de conduire.,Arrivez au bureau des services automobiles pour déposer votre carte d'apprenti conducteur.,0.0,0.0,1.0,False,False
FRC028,terminology,fr,metropolitan,choco-fr,Présentez-vous à un guichet de la préfecture avec votre permis de conduire.,Arrivez au bureau d'enregistrement du poste administratif central en portant votre carte de licence automobile.,0.0,0.0,1.0,False,False
FRC028,terminology,fr,proofread,choco-fr,Présentez-vous à un guichet de la préfecture avec votre permis de conduire.,Présentez-vous au guichet de la préfecture avec votre permis de conduire.,1.0,0.0,0.0,False,False
FRC029,semantic,fr,baseline,choco-fr,Nous dînerons vers 18 h avec les grands-parents.,Dînerons avec nos grands-parents à partir de 18 heures.,1.0,0.0,0.0,False,False
FRC029,semantic,fr,canadian,choco-fr,Nous dînerons vers 18 h avec les grands-parents.,On va déjeuner chez nos grands-pères à peu près à la fin de l'après-midi.,0.0,0.0,1.0,False,False
FRC029,semantic,fr,metropolitan,choco-fr,Nous dînerons vers 18 h avec les grands-parents.,"Le repas sera organisé à une heure avancée de la soirée, précisément aux alentours des treize heures, en présence des aïeux.",0.0,0.0,1.0,False,False
FRC029,semantic,fr,proofread,choco-fr,Nous dînerons vers 18 h avec les grands-parents.,Nous dînerons vers dix-huit heures avec les grands-parents.,1.0,0.0,0.0,False,False
FRC030,semantic,fr,baseline,choco-fr,N'oubliez pas de fermer la porte à clé en partant.,Assurez-vous d'actionner l'interrupteur de verrouillage avant de quitter les lieux.,0.0,0.0,1.0,False,False
FRC030,semantic,fr,canadian,choco-fr,N'oubliez pas de fermer la porte à clé en partant.,Assurez-vous d'enclore votre portail par un verrou avant de quitter l'endroit.,0.0,0.0,1.0,False,False
FRC030,semantic,fr,metropolitan,choco-fr,N'oubliez pas de fermer la porte à clé en partant.,Assurez-vous d'enclore votre entrée par une serrure avant de quitter l'espace.,0.0,0.0,1.0,False,False
FRC030,semantic,fr,proofread,choco-fr,N'oubliez pas de fermer la porte à clé en partant.,N'oubliez pas de verrouiller la porte à clé avant de partir.,1.0,0.0,1.0,False,False
FRC031,semantic,fr,baseline,choco-fr,Un soda est inclus avec le repas du midi.,Le déjeuner comprend un soda.,1.0,0.0,0.0,False,False
FRC031,semantic,fr,canadian,choco-fr,Un soda est inclus avec le repas du midi.,On ajoute un pop-corn au déjeuner de l'après-midi.,0.0,0.0,1.0,False,False
FRC031,semantic,fr,metropolitan,choco-fr,Un soda est inclus avec le repas du midi.,Le déjeuner comprend un verre de boisson gazeuse.,1.0,0.0,1.0,False,False
FRC031,semantic,fr,proofread,choco-fr,Un soda est inclus avec le repas du midi.,Un sodas sont incluses avec le déjeuner de midi.,1.0,0.0,0.0,False,False
FRC032,semantic,fr,baseline,choco-fr,Je m'occupe actuellement de ton dossier.,Je suis chargé du suivi de ta demande.,0.0,0.0,1.0,False,False
FRC032,semantic,fr,canadian,choco-fr,Je m'occupe actuellement de ton dossier.,J'ai pris la relève pour traiter ta demande personnelle.,0.0,0.0,1.0,False,False
FRC032,semantic,fr,metropolitan,choco-fr,Je m'occupe actuellement de ton dossier.,J'examine activement les détails concernant votre cas.,0.0,0.0,1.0,False,False
FRC032,semantic,fr,proofread,choco-fr,Je m'occupe actuellement de ton dossier.,Je me consacre à ta gestion en cours.,0.0,0.0,1.0,False,False
FRC033,semantic,fr,baseline,choco-fr,Le blizzard réduira la visibilité sur les routes ce soir.,La tempête de neige diminuera considérablement la visibilité routière cet après-midi.,0.0,0.0,1.0,False,False
FRC033,semantic,fr,canadian,choco-fr,Le blizzard réduira la visibilité sur les routes ce soir.,La tempête de neige va diminuer considérablement l'horizon des automobilistes d'ici cette nuit-là.,0.0,0.0,1.0,False,False
FRC033,semantic,fr,metropolitan,choco-fr,Le blizzard réduira la visibilité sur les routes ce soir.,La tempête de neige va diminuer considérablement l'horizon des automobilistes durant cette nuit-là.,0.0,0.0,1.0,False,False
FRC033,semantic,fr,proofread,choco-fr,Le blizzard réduira la visibilité sur les routes ce soir.,Le blizzard réduira la visibilité sur les routes cet soir.,1.0,0.0,0.0,False,False
FRC034,semantic,fr,baseline,choco-fr,Ma copine et moi allons déménager le premier juillet.,Ma compagne et moi avons l'intention de déménager début juillet.,0.0,0.0,1.0,False,False
FRC034,semantic,fr,canadian,choco-fr,Ma copine et moi allons déménager le premier juillet.,Mon amie et moi avançons vers un nouveau départ pour la première du mois de juillet.,0.0,0.0,1.0,False,False
FRC034,semantic,fr,metropolitan,choco-fr,Ma copine et moi allons déménager le premier juillet.,Je partage une nouvelle : ma compagne de vie ainsi que je préparons notre départ pour un nouvel emplacement à partir du premier juillet.,0.0,0.0,1.0,False,False
FRC034,semantic,fr,proofread,choco-fr,Ma copine et moi allons déménager le premier juillet.,Ma copine et moi allons déménager début juillet.,1.0,0.0,0.0,False,False
FRC035,register,fr,baseline,choco-fr,Le Ministère invite les citoyens à prendre connaissance du nouveau formulaire avant de le remplir et de le renvoyer par la poste.,Le ministère encourage ses administrés à se familiariser avec le nouvel énoncé formel avant d'en compléter une copie puis de l'expédier au bureau des postes.,0.0,0.0,1.0,False,False
FRC035,register,fr,canadian,choco-fr,Le Ministère invite les citoyens à prendre connaissance du nouveau formulaire avant de le remplir et de le renvoyer par la poste.,"L'Office encourage ses concitoyens à se familiariser avec l'énoncé récent avant d'en faire usage, puisqu'il faut envoyer ce document post-affranchi au Ministère correspondant.",0.0,0.0,1.0,False,False
FRC035,register,fr,metropolitan,choco-fr,Le Ministère invite les citoyens à prendre connaissance du nouveau formulaire avant de le remplir et de le renvoyer par la poste.,"L'autorité publique encourage ses concitoyens à se familiariser avec l'édition récente d'un document administratif, en vue de son exécution précise puisqu'il doit être adressé au service postal pour sa transmission ultérieure.",0.0,0.0,1.0,False,False
FRC035,register,fr,proofread,choco-fr,Le Ministère invite les citoyens à prendre connaissance du nouveau formulaire avant de le remplir et de le renvoyer par la poste.,"Le Ministère invite les citoyens à se rendre auprès des bureaux pour obtenir un exemplaire du nouvel énoncé formel, afin qu'il puisse être complété puis envoyé par courrier postal.",1.0,0.0,0.0,False,False
FRC036,register,fr,baseline,choco-fr,"Salut, je serai en congé la semaine prochaine. Si c'est urgent, envoie-moi un e-mail et je reviens vers toi là-dessus.","Bonjour, j'aurai des vacances la semaine suivante. Dans le cas où cela est d'urgence, m'envoyez un courriel pour que nous puissions discuter davantage de ce sujet.",0.0,0.5,1.0,False,False
FRC036,register,fr,canadian,choco-fr,"Salut, je serai en congé la semaine prochaine. Si c'est urgent, envoie-moi un e-mail et je reviens vers toi là-dessus.","Bonjour, j'irai prendre du temps pour moi la semaine qui vient. Dans le cas où cela est d'une importance capitale, m'envoie une lettre électronique et je te rappellerai ceci plus tard.",0.0,0.0,1.0,False,False
FRC036,register,fr,metropolitan,choco-fr,"Salut, je serai en congé la semaine prochaine. Si c'est urgent, envoie-moi un e-mail et je reviens vers toi là-dessus.","Bonjour, j'aurai une pause de travail pour les jours à venir. Dans le cas où cela est d'une importance capitale, n'hésite pas à me contacter par courriel afin que je puisse vous rappeler plus tard.",0.0,0.5,1.0,False,False
FRC036,register,fr,proofread,choco-fr,"Salut, je serai en congé la semaine prochaine. Si c'est urgent, envoie-moi un e-mail et je reviens vers toi là-dessus.","Salut, je serai en vacances la semaine prochaine. Si cela est d'urgence, m'envoyez un courriel et je vous rappellerai à ce sujet.",0.0,0.5,1.0,False,False
FRC037,register,fr,baseline,choco-fr,Bonjour ! Comment allez-vous ? Je vous apporte la carte du midi tout de suite.,Salutations ! Dans quelle mesure vous portez-vous ce jour ? La carte méridienne est à votre disposition immédiatement.,0.0,0.0,1.0,False,False
FRC037,register,fr,canadian,choco-fr,Bonjour ! Comment allez-vous ? Je vous apporte la carte du midi tout de suite.,"Salutations ! En quoi puis-je être utile aujourd'hui ? Voici votre plan des repas pour le méridien, prêt à l'emploi immédiatement.",0.0,0.0,1.0,False,False
FRC037,register,fr,metropolitan,choco-fr,Bonjour ! Comment allez-vous ? Je vous apporte la carte du midi tout de suite.,Salutations distinguées ! En quoi puis-je être utile à ce moment précis ? Voici immédiatement votre guide géographique méridional détaillé.,0.0,0.0,1.0,False,False
FRC037,register,fr,proofread,choco-fr,Bonjour ! Comment allez-vous ? Je vous apporte la carte du midi tout de suite.,Bonjour ! Comment allez-vous ? J'apporte la carte du Midi immédiatement.,1.0,0.0,0.0,False,False
FRC038,register,fr,baseline,choco-fr,"Des soldes à ne pas manquer sur tous nos articles en boutique et en ligne. Faites vite, les quantités sont limitées !","Ne ratez aucun des soldes exceptionnels disponibles dans notre magasin physique ainsi que sur le web. En effet, la pénurie est limitée pour chaque article proposé.",0.5,0.0,0.0,False,False
FRC038,register,fr,canadian,choco-fr,"Des soldes à ne pas manquer sur tous nos articles en boutique et en ligne. Faites vite, les quantités sont limitées !",Dépêchez-vous de profiter des promotions inoubliables pour tout notre catalogue dans la vitrine ou via le web. Les stocks se comptent sur les doigts d'une main!,0.0,0.0,1.0,False,False
FRC038,register,fr,metropolitan,choco-fr,"Des soldes à ne pas manquer sur tous nos articles en boutique et en ligne. Faites vite, les quantités sont limitées !",Ne ratez aucun des forfaits exceptionnels disponibles dans notre magasin physique ainsi que sur le web ; agissez rapidement car la capacité est restreinte.,0.0,0.0,1.0,False,False
FRC038,register,fr,proofread,choco-fr,"Des soldes à ne pas manquer sur tous nos articles en boutique et en ligne. Faites vite, les quantités sont limitées !",Des soldes incontournables pour tous nos produits au magasin ainsi qu'en ligne. Soyez rapide car la disponibilité est limitée.,0.5,0.0,0.0,False,False
FRC039,register,fr,baseline,choco-fr,Nous vous invitons à remplir votre déclaration de revenus avant la date limite et à conserver vos fiches de paie.,"Veuillez compléter votre formulaire d'affirmation des revenus avant le terme imparti, tout en conservant les feuilles de compte salariales.",0.0,0.0,1.0,False,False
FRC039,register,fr,canadian,choco-fr,Nous vous invitons à remplir votre déclaration de revenus avant la date limite et à conserver vos fiches de paie.,"Votre participation est sollicitée pour compléter le formulaire d'affirmation des gains financiers dans les temps impartis, tout en conservant votre bulletin fiscal personnel ou professionnel.",0.0,0.0,1.0,False,False
FRC039,register,fr,metropolitan,choco-fr,Nous vous invitons à remplir votre déclaration de revenus avant la date limite et à conserver vos fiches de paie.,"Votre participation est sollicitée pour compléter le formulaire fiscal en temps utile, ainsi que pour préserver les documents salariaux jusqu'à leur échéance impartiale.",0.0,0.0,1.0,False,False
FRC039,register,fr,proofread,choco-fr,Nous vous invitons à remplir votre déclaration de revenus avant la date limite et à conserver vos fiches de paie.,"Nous vous invitons à compléter votre déclaration de revenus avant le jour fixé comme date limite, ainsi qu'à préserver les feuilles de paie.",0.5,0.0,1.0,False,False
FRC040,grammar,fr,baseline,choco-fr,Tu viens avec nous ce soir ?,Viens-tu à notre fête ce soir ?,0.5,0.0,0.0,False,False
FRC040,grammar,fr,canadian,choco-fr,Tu viens avec nous ce soir ?,On t'invite à venir avec nous ce soir-là ?,0.5,0.0,1.0,False,False
FRC040,grammar,fr,metropolitan,choco-fr,Tu viens avec nous ce soir ?,Viens-tu participer à notre événement cette nuit-là ?,0.0,0.0,1.0,False,False
FRC040,grammar,fr,proofread,choco-fr,Tu viens avec nous ce soir ?,Viens-tu avec nous ce soir ?,1.0,0.0,0.0,False,False
FRC041,grammar,fr,baseline,choco-fr,Il n'y a personne qui m'a averti que la réunion était annulée.,Personne ne m'a informé de l'annulation de la réunion.,1.0,0.0,1.0,False,False
FRC041,grammar,fr,canadian,choco-fr,Il n'y a personne qui m'a averti que la réunion était annulée.,Personne ne me l'avait prévenu qu'elle avait été reportée.,1.0,0.0,1.0,False,False
FRC041,grammar,fr,metropolitan,choco-fr,Il n'y a personne qui m'a averti que la réunion était annulée.,Personne ne me prévint de l'annulation de cette rencontre.,1.0,0.0,1.0,False,False
FRC041,grammar,fr,proofread,choco-fr,Il n'y a personne qui m'a averti que la réunion était annulée.,Il n'y avait personne qui m'avait averti que la réunion était annulée.,0.0,0.0,1.0,False,False
FRC042,grammar,fr,baseline,choco-fr,Nous sommes allés au restaurant parce qu'il pleuvait trop pour marcher.,Nous avons choisi de dîner dans un établissement car il tombait si fort que nous ne pouvions pas faire la promenade en marchant.,1.0,0.0,1.0,False,False
FRC042,grammar,fr,canadian,choco-fr,Nous sommes allés au restaurant parce qu'il pleuvait trop pour marcher.,On s'est rendu dans un établissement de restauration à cause du déluge qui empêchait la marche en extérieur.,0.0,0.0,1.0,False,False
FRC042,grammar,fr,metropolitan,choco-fr,Nous sommes allés au restaurant parce qu'il pleuvait trop pour marcher.,L'intention de notre visite à ce lieu culinaire fut d'éviter la pluie qui rendait les promenades impraticables.,0.0,0.0,1.0,False,False
FRC042,grammar,fr,proofread,choco-fr,Nous sommes allés au restaurant parce qu'il pleuvait trop pour marcher.,Nous sommes allés au restaurant car il pleuvait trop pour marcher.,1.0,0.0,1.0,False,False
FRC043,grammar,fr,baseline,choco-fr,On a eu du mal à trouver un parking proche du stade.,Trouvons difficilement un stationnement adjacent au stade.,0.0,0.5,1.0,False,False
FRC043,grammar,fr,canadian,choco-fr,On a eu du mal à trouver un parking proche du stade.,Il fallait beaucoup de chance pour découvrir une place de stationnement près du stade.,0.0,0.5,1.0,False,False
FRC043,grammar,fr,metropolitan,choco-fr,On a eu du mal à trouver un parking proche du stade.,Trouvons une solution pour stationner près de l'enceinte sportive.,0.0,0.0,1.0,False,False
FRC043,grammar,fr,proofread,choco-fr,On a eu du mal à trouver un parking proche du stade.,Nous avons eu du mal à trouver un parking près du stade.,1.0,0.0,0.0,False,False
FRC044,grammar,fr,baseline,choco-fr,"Je vais au bureau tout à l'heure, on se reparle après.","Je m'en irai travailler plus tard, nous y penserons ensuite.",0.0,0.0,1.0,False,False
FRC044,grammar,fr,canadian,choco-fr,"Je vais au bureau tout à l'heure, on se reparle après.","J'irai chez mon travail plus tard dans la journée, nous y penserons ensuite.",0.0,0.0,1.0,False,False
FRC044,grammar,fr,metropolitan,choco-fr,"Je vais au bureau tout à l'heure, on se reparle après.",J'irai me rendre compte de mon lieu de travail plus tard dans la journée ; nous pourrons y parler ensuite.,0.0,0.0,1.0,False,False
FRC044,grammar,fr,proofread,choco-fr,"Je vais au bureau tout à l'heure, on se reparle après.","Je viendrai au bureau plus tard, nous en parlerons ensuite.",0.0,0.0,1.0,False,False
GRA001,grammar,qc,baseline,choco-fr,Tu viens-tu avec nous autres à soir ?,Esviens-tu également pour rejoindre les autres ce soir ?,0.0,0.5,1.0,False,False
GRA001,grammar,qc,canadian,choco-fr,Tu viens-tu avec nous autres à soir ?,"Esquimaude, tu vas te joindre aux autres pour une sortie après minuit ?",0.0,0.0,1.0,False,False
GRA001,grammar,qc,metropolitan,choco-fr,Tu viens-tu avec nous autres à soir ?,Es-tu prêt de venir te joindre aux autres ce soir ?,0.0,0.5,1.0,False,False
GRA001,grammar,qc,proofread,choco-fr,Tu viens-tu avec nous autres à soir ?,Viens-tu avec nous d'autres ce soir ?,0.0,1.0,1.0,False,False
GRA002,grammar,qc,baseline,choco-fr,Y'a personne qui m'a averti que la réunion était annulée.,Personne ne m'a informé de l'annulation de la réunion.,0.0,1.0,1.0,False,False
GRA002,grammar,qc,canadian,choco-fr,Y'a personne qui m'a averti que la réunion était annulée.,Il n'y avait personne pour me prévenir qu'elle se tenait désormais reportée.,0.0,0.0,1.0,False,False
GRA002,grammar,qc,metropolitan,choco-fr,Y'a personne qui m'a averti que la réunion était annulée.,Personne ne me l'a informé de l'annulation de cette rencontre.,0.0,1.0,1.0,False,False
GRA002,grammar,qc,proofread,choco-fr,Y'a personne qui m'a averti que la réunion était annulée.,Il y avait quelqu'un qui m'avertit que la réunion était annulée.,0.0,0.0,1.0,False,False
GRA003,grammar,qc,baseline,choco-fr,On est allés au restaurant à cause qu'il pleuvait trop pour marcher.,Nous sommes venus au restaurant parce que la pluie était tellement forte qu'on ne pouvait pas marcher.,0.0,1.0,1.0,False,False
GRA003,grammar,qc,canadian,choco-fr,On est allés au restaurant à cause qu'il pleuvait trop pour marcher.,Nous sommes partis dans un établissement de restauration parce que la pluie était tellement intense qu'on ne pouvait pas se promener en ville.,0.0,1.0,1.0,False,False
GRA003,grammar,qc,metropolitan,choco-fr,On est allés au restaurant à cause qu'il pleuvait trop pour marcher.,Nous avons choisi de nous rendre dans un établissement gastronomique en raison du déluge qui empêchait la marche.,0.0,0.0,1.0,False,False
GRA003,grammar,qc,proofread,choco-fr,On est allés au restaurant à cause qu'il pleuvait trop pour marcher.,Nous sommes allés au restaurant parce que la pluie était si forte qu'on ne pouvait pas marcher.,0.0,1.0,1.0,False,False
GRA004,grammar,qc,baseline,choco-fr,On a eu de la misère à trouver un stationnement proche du stade.,Il fut difficile d'obtenir une place de parking près du stade.,0.0,0.5,1.0,False,False
GRA004,grammar,qc,canadian,choco-fr,On a eu de la misère à trouver un stationnement proche du stade.,Il y avait des difficultés à se garer près du stade.,0.0,0.0,1.0,False,False
GRA004,grammar,qc,metropolitan,choco-fr,On a eu de la misère à trouver un stationnement proche du stade.,Trouvé des difficultés pour sécuriser une place de parking près du stade.,0.0,0.5,1.0,False,False
GRA004,grammar,qc,proofread,choco-fr,On a eu de la misère à trouver un stationnement proche du stade.,Nous avons vécu des difficultés pour trouver un parking près du stade.,0.0,0.5,1.0,False,False
GRA005,grammar,qc,baseline,choco-fr,"Assis-toi, je vais te conter ce qui est arrivé hier.","Asseyez-vous, j'ai l'intention de t'en dire tout sur les événements du jour passé.",0.0,0.0,1.0,False,False
GRA005,grammar,qc,canadian,choco-fr,"Assis-toi, je vais te conter ce qui est arrivé hier.","Asseye-toi, j'ai l'intention de t'en dire tout sur les événements du jour passé.",0.0,0.0,1.0,False,False
GRA005,grammar,qc,metropolitan,choco-fr,"Assis-toi, je vais te conter ce qui est arrivé hier.","Asseyez-vous, j'ai l'intention de t'en décrire les événements du jour passé.",0.0,0.0,1.0,False,False
GRA005,grammar,qc,proofread,choco-fr,"Assis-toi, je vais te conter ce qui est arrivé hier.","Asseyez-vous, je vais t'en raconter l'histoire.",0.0,0.5,1.0,False,False
GRA006,grammar,qc,baseline,choco-fr,"Je m'en vas au bureau tantôt, on se reparle après.","Je me dirige vers mon lieu de travail à peu près maintenant, nous discuterons ensuite.",0.0,0.0,1.0,False,False
GRA006,grammar,qc,canadian,choco-fr,"Je m'en vas au bureau tantôt, on se reparle après.","J'irai me rendre compte à mon poste d'affaires plus tard, nous y penserons ensuite.",0.0,0.0,1.0,False,False
GRA006,grammar,qc,metropolitan,choco-fr,"Je m'en vas au bureau tantôt, on se reparle après.","J'irai me rendre compte de mon lieu de travail à un moment donné, nous y penserons ensuite ensemble.",0.0,0.0,1.0,False,False
GRA006,grammar,qc,proofread,choco-fr,"Je m'en vas au bureau tantôt, on se reparle après.","Je me rendrai au bureau quelque part, nous nous retrouverons ensuite.",0.0,0.0,1.0,False,False
LEX001,lexical,qc,baseline,choco-fr,Vous pouvez consulter votre dossier en ligne et communiquer avec nous par courriel.,Consultez votre portfolio en ligne et contactez-nous via e-mail.,0.0,1.0,1.0,False,False
LEX001,lexical,qc,canadian,choco-fr,Vous pouvez consulter votre dossier en ligne et communiquer avec nous par courriel.,On peut accéder à ses dossiers via notre plateforme web et se mettre en relation avec nos équipes par le biais de messagerie électronique.,0.0,0.0,1.0,False,False
LEX001,lexical,qc,metropolitan,choco-fr,Vous pouvez consulter votre dossier en ligne et communiquer avec nous par courriel.,Consultez vos dossiers à distance via notre plateforme en ligne ou échangez des informations directement au moyen de la messagerie électronique.,0.0,0.0,1.0,False,False
LEX001,lexical,qc,proofread,choco-fr,Vous pouvez consulter votre dossier en ligne et communiquer avec nous par courriel.,Vous pouvez consulter votre dossier en ligne et vous adresser à nous par e-mail.,0.0,1.0,1.0,False,False
LEX002,lexical,qc,baseline,choco-fr,Le stationnement est accessible derrière l'édifice à partir de 7 h.,L'accès au parking se fait derrière la bâtisse après minuit-seize heures.,0.0,1.0,1.0,False,False
LEX002,lexical,qc,canadian,choco-fr,Le stationnement est accessible derrière l'édifice à partir de 7 h.,On peut y trouver un emplacement pour les véhicules depuis minuit-soixante heures après la fin des travaux sur le bâtiment situé en arrière d'ici.,0.0,0.0,1.0,False,False
LEX002,lexical,qc,metropolitan,choco-fr,Le stationnement est accessible derrière l'édifice à partir de 7 h.,L'accès au parking se fait en arrière du bâtiment dès les premières heures de la septième heure.,0.0,1.0,1.0,False,False
LEX002,lexical,qc,proofread,choco-fr,Le stationnement est accessible derrière l'édifice à partir de 7 h.,Le stationnement est accessible depuis l'arrière du bâtiment dès 7 heures.,1.0,0.0,0.0,False,False
LEX003,lexical,qc,baseline,choco-fr,L'activité aura lieu la fin de semaine prochaine au centre communautaire.,Cette activité se tiendra à l'issue du week-end suivant dans le local de la communauté.,0.0,1.0,1.0,False,False
LEX003,lexical,qc,canadian,choco-fr,L'activité aura lieu la fin de semaine prochaine au centre communautaire.,La manifestation se tiendra à l'issue du week-end suivant dans le local des associations.,0.0,1.0,1.0,False,False
LEX003,lexical,qc,metropolitan,choco-fr,L'activité aura lieu la fin de semaine prochaine au centre communautaire.,La manifestation se tiendra dans les locaux du foyer collectif à l'approche d'une fin de semaine.,1.0,0.0,0.0,False,False
LEX003,lexical,qc,proofread,choco-fr,L'activité aura lieu la fin de semaine prochaine au centre communautaire.,L'activité aura lieu à la fin de la semaine prochaine dans le centre communautaire.,0.0,0.0,1.0,False,False
LEX004,lexical,qc,baseline,choco-fr,Profitez de nos rabais pour faire votre magasinage des Fêtes.,Bénéficiez de vos remises lors du shopping aux Fêtes.,0.0,0.5,1.0,False,False
LEX004,lexical,qc,canadian,choco-fr,Profitez de nos rabais pour faire votre magasinage des Fêtes.,Tirez profit de vos remises spéciales pendant les fêtes annuelles.,0.0,0.0,1.0,False,False
LEX004,lexical,qc,metropolitan,choco-fr,Profitez de nos rabais pour faire votre magasinage des Fêtes.,Savourez les remises spéciales lors du shopping férien.,0.0,0.5,1.0,False,False
LEX004,lexical,qc,proofread,choco-fr,Profitez de nos rabais pour faire votre magasinage des Fêtes.,Profitez de nos remises pour effectuer vos achats aux Fêtes.,0.0,0.0,1.0,False,False
LEX005,lexical,qc,baseline,choco-fr,Ce chandail en laine est offert en trois couleurs.,Ce pull de laine se décline en trois teintes différentes.,0.0,1.0,1.0,False,False
LEX005,lexical,qc,canadian,choco-fr,Ce chandail en laine est offert en trois couleurs.,On offre ce pull de laine disponible dans trois teintes différentes.,0.0,1.0,1.0,False,False
LEX005,lexical,qc,metropolitan,choco-fr,Ce chandail en laine est offert en trois couleurs.,Le pull de laine proposé se décline dans trois teintes différentes.,0.0,1.0,1.0,False,False
LEX005,lexical,qc,proofread,choco-fr,Ce chandail en laine est offert en trois couleurs.,Ce pull en laine est proposé dans trois teintes différentes.,0.0,1.0,1.0,False,False
LEX006,lexical,qc,baseline,choco-fr,Il y a un dépanneur ouvert jusqu'à 23 h au coin de la rue.,Le magasin est ouvert jusqu'à minuit à l'angle d'une voie publique.,0.0,0.0,1.0,False,False
LEX006,lexical,qc,canadian,choco-fr,Il y a un dépanneur ouvert jusqu'à 23 h au coin de la rue.,On trouve une épicerie fonctionnant toute la nuit jusqu'à minuit à l'angle du boulevard.,0.0,0.0,1.0,False,False
LEX006,lexical,qc,metropolitan,choco-fr,Il y a un dépanneur ouvert jusqu'à 23 h au coin de la rue.,"Le magasin est en activité jusqu'aux dernières heures du soir, à l'angle d'une voie urbaine.",0.0,0.0,1.0,False,False
LEX006,lexical,qc,proofread,choco-fr,Il y a un dépanneur ouvert jusqu'à 23 h au coin de la rue.,Il y a une épicerie ouverte jusqu'à 23 heures au coin de la rue.,0.0,0.0,1.0,False,False
LEX007,lexical,qc,baseline,choco-fr,Le traversier relie Québec et Lévis toutes les vingt minutes.,Le bac assure une liaison quotidienne entre Québec et Lévis tous les trente minutes.,0.0,1.0,1.0,False,False
LEX007,lexical,qc,canadian,choco-fr,Le traversier relie Québec et Lévis toutes les vingt minutes.,La traverse reliera entre soi-même la ville de Québec et celle de Lévis à intervalle réguliers d'une demi-heure.,0.0,0.0,1.0,False,False
LEX007,lexical,qc,metropolitan,choco-fr,Le traversier relie Québec et Lévis toutes les vingt minutes.,La traversée assure une liaison quotidienne entre la ville de Québec et celle de Lévis à intervalles réguliers d'une demi-heure.,0.0,0.0,1.0,False,False
LEX007,lexical,qc,proofread,choco-fr,Le traversier relie Québec et Lévis toutes les vingt minutes.,Le bac relie Québec à Lévis toutes les vingt minutes.,0.0,1.0,1.0,False,False
LEX008,lexical,qc,baseline,choco-fr,Notre baladodiffusion hebdomadaire est maintenant offerte sur toutes les plateformes.,Nos émissions de radio diffusées en ligne se font désormais disponibles dans toutes les plateformes possibles.,0.0,0.0,1.0,False,False
LEX008,lexical,qc,canadian,choco-fr,Notre baladodiffusion hebdomadaire est maintenant offerte sur toutes les plateformes.,Nos émissions de radio quotidiennes sont désormais disponibles dans toute la province.,0.0,0.0,1.0,False,False
LEX008,lexical,qc,metropolitan,choco-fr,Notre baladodiffusion hebdomadaire est maintenant offerte sur toutes les plateformes.,La diffusion de notre émission radio se déroule désormais en direct chaque semaine et peut être suivie à travers diverses plateformes disponibles.,0.0,0.0,1.0,False,False
LEX008,lexical,qc,proofread,choco-fr,Notre baladodiffusion hebdomadaire est maintenant offerte sur toutes les plateformes.,Notre podcasthebdomadaire est désormais disponible dans toutes les plateformes.,0.0,0.0,1.0,False,False
LEX009,lexical,qc,baseline,choco-fr,Utilisez le clavardage en direct pour parler à un agent.,Employez la communication vidéo instantanée pour discuter avec une représentante.,0.0,0.0,1.0,False,False
LEX009,lexical,qc,canadian,choco-fr,Utilisez le clavardage en direct pour parler à un agent.,Optez pour une session de vidéoconférence immédiate afin d'engager des discussions avec un représentant.,0.0,0.0,1.0,False,False
LEX009,lexical,qc,metropolitan,choco-fr,Utilisez le clavardage en direct pour parler à un agent.,Optez pour une session de chat instantané afin d'engager conversation avec un représentant.,0.0,1.0,1.0,False,False
LEX009,lexical,qc,proofread,choco-fr,Utilisez le clavardage en direct pour parler à un agent.,Utilisez la visioconférence pour discuter avec un représentant.,0.0,0.0,1.0,False,False
LEX010,lexical,qc,baseline,choco-fr,Supprimez les pourriels sans ouvrir les pièces jointes.,Éliminez les spams sans traiter les fichiers annexes attachés.,0.0,1.0,1.0,False,False
LEX010,lexical,qc,canadian,choco-fr,Supprimez les pourriels sans ouvrir les pièces jointes.,Éliminez tout spam sans traiter les documents associés.,0.0,1.0,1.0,False,False
LEX010,lexical,qc,metropolitan,choco-fr,Supprimez les pourriels sans ouvrir les pièces jointes.,Éliminez tout spam sans traiter les documents associés.,0.0,1.0,1.0,False,False
LEX010,lexical,qc,proofread,choco-fr,Supprimez les pourriels sans ouvrir les pièces jointes.,Éliminez les spams sans ouvrir les annexes attachées.,0.0,1.0,1.0,False,False
LEX011,lexical,qc,baseline,choco-fr,Vous devez téléverser votre pièce d'identité avant de soumettre la demande.,Téléversez vos documents d'identification avant de déposer votre requête.,0.0,0.0,1.0,False,False
LEX011,lexical,qc,canadian,choco-fr,Vous devez téléverser votre pièce d'identité avant de soumettre la demande.,Il faut déposer vos documents personnels en vue de présenter une requête officielle.,0.0,0.0,1.0,False,False
LEX011,lexical,qc,metropolitan,choco-fr,Vous devez téléverser votre pièce d'identité avant de soumettre la demande.,Il est impératif de déposer sa carte nationale antérieurement à l'envoi du formulaire requis.,0.0,0.0,1.0,False,False
LEX011,lexical,qc,proofread,choco-fr,Vous devez téléverser votre pièce d'identité avant de soumettre la demande.,Vous devez déposer votre pièce d'identité avant de soumettre la demande.,0.0,0.0,1.0,False,False
LEX012,lexical,qc,baseline,choco-fr,Consultez le babillard pour connaître les offres d'emploi internes.,Consultez la section des offres interne pour découvrir les postes vacants au sein de l'entreprise.,0.0,0.0,1.0,False,False
LEX012,lexical,qc,canadian,choco-fr,Consultez le babillard pour connaître les offres d'emploi internes.,Prenez rendez-vous au bureau des ressources humaines afin de découvrir les postes vacants à l'intérieur du groupe.,0.0,0.0,1.0,False,False
LEX012,lexical,qc,metropolitan,choco-fr,Consultez le babillard pour connaître les offres d'emploi internes.,"Pour obtenir des informations sur les postes disponibles au sein de l'entreprise, consultez la section ""Babillard"".",1.0,0.0,0.0,False,False
LEX012,lexical,qc,proofread,choco-fr,Consultez le babillard pour connaître les offres d'emploi internes.,Consultez la rubrique des emplois internes pour connaître les offres d'emploi disponibles au sein de l'entreprise.,0.0,0.0,1.0,False,False
LEX013,lexical,qc,baseline,choco-fr,Nous offrons la livraison gratuite sur tout achat de plus de cent piastres.,Offre une livraison à prix coûtant pour tous les commandes supérieures à cent piastres.,1.0,0.0,0.0,False,False
LEX013,lexical,qc,canadian,choco-fr,Nous offrons la livraison gratuite sur tout achat de plus de cent piastres.,On nous promet une remise en jeu gratuit pour tous les commandes dépassant un montant d'une centaine de dollars canadiens.,0.0,0.0,1.0,False,False
LEX013,lexical,qc,metropolitan,choco-fr,Nous offrons la livraison gratuite sur tout achat de plus de cent piastres.,Offre une livraison à titre gratuit pour tous les commandes dépassant cent piastres.,1.0,0.0,0.0,False,False
LEX013,lexical,qc,proofread,choco-fr,Nous offrons la livraison gratuite sur tout achat de plus de cent piastres.,Nous offrons une livraison gratuite pour tous les achats d'au moins un euro centime.,0.0,0.0,1.0,False,False
LEX014,lexical,qc,baseline,choco-fr,Le poste est à temps plein et l'employeur offre une assurance collective.,Ce poste propose un emploi à temps complet avec des avantages en matière d'assurance collective fournis par le prestataire de services.,1.0,0.0,0.0,False,False
LEX014,lexical,qc,canadian,choco-fr,Le poste est à temps plein et l'employeur offre une assurance collective.,Ce travail propose un statut de permanent et la compagnie en question dispose d'une couverture santé par groupe.,0.0,0.0,1.0,False,False
LEX014,lexical,qc,metropolitan,choco-fr,Le poste est à temps plein et l'employeur offre une assurance collective.,Ce rôle nécessite un engagement de travail complet sur une durée fixe tandis que la société garantit des avantages sociaux par le biais d'une couverture mutualisée.,0.0,0.0,1.0,False,False
LEX014,lexical,qc,proofread,choco-fr,Le poste est à temps plein et l'employeur offre une assurance collective.,Le poste est à temps plein et l'entreprise propose une couverture d'assurance collective.,1.0,0.0,0.0,False,False
REG001,register,qc,baseline,choco-fr,"Bonjour, merci d'avoir communiqué avec nous. Nous avons bien reçu votre demande et un conseiller vous rappellera d'ici deux jours ouvrables.","Bonsoir, merci de nous avoir contactés. Notre équipe a pris en compte votre requête et une personne vous tiendra à l'écart dans les deux prochains jours ouvrables.",0.5,0.5,0.5,False,False
REG001,register,qc,canadian,choco-fr,"Bonjour, merci d'avoir communiqué avec nous. Nous avons bien reçu votre demande et un conseiller vous rappellera d'ici deux jours ouvrables.","Salut, on te passe le message de notre part. Ta requête a été traitée correctement et tu verras une réponse du service clientèle dans les prochains temps.",0.0,0.0,1.0,False,False
REG001,register,qc,metropolitan,choco-fr,"Bonjour, merci d'avoir communiqué avec nous. Nous avons bien reçu votre demande et un conseiller vous rappellera d'ici deux jours ouvrables.","Cher utilisateur, en recevant vos informations, nous sommes ravis de les prendre en compte. Un spécialiste interviendra à titre régulier dans une semaine pour assurer votre suivi continu.",0.0,0.0,1.0,False,False
REG001,register,qc,proofread,choco-fr,"Bonjour, merci d'avoir communiqué avec nous. Nous avons bien reçu votre demande et un conseiller vous rappellera d'ici deux jours ouvrables.","Bonjour, merci de nous avoir contactés. Notre équipe a bien traitée votre requête et un conseiller vous tiendra à l'antenne dans les deux prochains jours ouvrabiles.",0.0,0.5,1.0,False,False
REG002,register,qc,baseline,choco-fr,Le Ministère invite la population à prendre connaissance du nouveau formulaire avant de le remplir et de le retourner par la poste.,"Le ministère encourage les citoyens à se familiariser avec le nouvel énoncé formel avant son exécution, puis à l'envoyer au courrier postal.",0.0,1.0,1.0,False,False
REG002,register,qc,canadian,choco-fr,Le Ministère invite la population à prendre connaissance du nouveau formulaire avant de le remplir et de le retourner par la poste.,"L'Office encourage les citoyens à se familiariser avec l'énoncé récent avant d'en faire usage, puis de lui adresser une lettre postale en conséquence.",0.0,1.0,1.0,False,False
REG002,register,qc,metropolitan,choco-fr,Le Ministère invite la population à prendre connaissance du nouveau formulaire avant de le remplir et de le retourner par la poste.,L'autorité publique encourage les citoyens à se familiariser avec l'énoncé récent avant d'enregistrer leurs informations personnelles auprès des services administratifs en pièce jointe aux courriers postaux.,0.0,1.0,1.0,False,False
REG002,register,qc,proofread,choco-fr,Le Ministère invite la population à prendre connaissance du nouveau formulaire avant de le remplir et de le retourner par la poste.,"Le Ministère invite la population à se rendre au plus tôt informée du nouveau formulaire, afin qu'elle puisse l'examiner attentivement avant de le compléter puis de le renvoyer par courrier.",1.0,0.0,0.0,False,False
REG003,register,qc,baseline,choco-fr,"Salut, je vais être en congé la semaine prochaine. Si c'est urgent, écris-moi un courriel et je vais te revenir là-dessus.","Bonjour, j'ai l'intention de prendre du temps libre le week-end suivant. Dans ce cas d'urgence, envoie-moi un mail pour que nous puissions discuter davantage.",0.0,0.5,1.0,False,False
REG003,register,qc,canadian,choco-fr,"Salut, je vais être en congé la semaine prochaine. Si c'est urgent, écris-moi un courriel et je vais te revenir là-dessus.","Bonjour, j'ai l'intention de prendre mes vacances la semaine suivante. Dans le cas où cela est d'une importance capitale pour toi, envoie moi une lettre électronique et je t'en ferai part plus tard.",0.0,0.0,1.0,False,False
REG003,register,qc,metropolitan,choco-fr,"Salut, je vais être en congé la semaine prochaine. Si c'est urgent, écris-moi un courriel et je vais te revenir là-dessus.","Bonjour, j'ai l'intention de prendre mes vacances dans les jours à venir. Dans le cas où cela serait d'une importance capitale pour toi, envoie-moi un message électronique et je te confirmerai la situation par la suite.",0.0,0.0,1.0,False,False
REG003,register,qc,proofread,choco-fr,"Salut, je vais être en congé la semaine prochaine. Si c'est urgent, écris-moi un courriel et je vais te revenir là-dessus.","Bonjour, je serai en vacances la semaine prochaine. Si cela est d'une urgence, écrivez-moi une lettre électronique et j'y retournerai.",0.0,0.0,1.0,False,False
REG004,register,qc,baseline,choco-fr,Bonjour ! Ça va bien ? Je vous apporte le menu du midi tout de suite.,"Salutations ! Comment se porte-t-il ? Voici le menu détaillé pour votre repas d'après-midi, immédiatement à votre disposition.",0.0,0.0,,False,False
REG004,register,qc,canadian,choco-fr,Bonjour ! Ça va bien ? Je vous apporte le menu du midi tout de suite.,"Salutations ! Comment se porte-t-elle aujourd'hui ? Voici la carte des repas pour votre déjeuner, prête à l'emploi.",0.0,0.0,,False,False
REG004,register,qc,metropolitan,choco-fr,Bonjour ! Ça va bien ? Je vous apporte le menu du midi tout de suite.,"Salutations distinguées ! Pourrais-je connaître votre état d'agrément ? Voici présenté notre programme gastronomique destiné à l'heure méridienne, avec une immédiateté assurée.",0.0,0.0,,False,False
REG004,register,qc,proofread,choco-fr,Bonjour ! Ça va bien ? Je vous apporte le menu du midi tout de suite.,Bonjour ! Comment allez-vous ? J'apporte le menu déjeuner immédiatement.,0.0,1.0,,False,False
REG005,register,qc,baseline,choco-fr,"Des rabais à ne pas manquer sur tous nos articles en magasin et en ligne. Faites vite, les quantités sont limitées !",Ne ratez aucun des remises disponibles pour tous produits dans notre boutique physique ainsi que sur Internet. Profitez-en rapidement car la production est limitée.,0.0,0.0,1.0,False,False
REG005,register,qc,canadian,choco-fr,"Des rabais à ne pas manquer sur tous nos articles en magasin et en ligne. Faites vite, les quantités sont limitées !",Dépêchez-vous de profiter des remises incontournables pour tout notre catalogue d'articles dans le commerce physique ainsi que sur internet. Les stocks se comptent entre doigts!,0.0,0.0,1.0,False,False
REG005,register,qc,metropolitan,choco-fr,"Des rabais à ne pas manquer sur tous nos articles en magasin et en ligne. Faites vite, les quantités sont limitées !",Ne ratez aucun des remises disponibles pour notre gamme complète d'articles dans le commerce physique ainsi qu'en ligne. Soyez prompts : la pénurie est réelle.,0.0,0.0,1.0,False,False
REG005,register,qc,proofread,choco-fr,"Des rabais à ne pas manquer sur tous nos articles en magasin et en ligne. Faites vite, les quantités sont limitées !","Des remises à ne pas oublier sur tous nos produits au magasin ainsi qu'en ligne. En effet, la disponibilité est limitée.",0.0,0.0,1.0,False,False
REG006,register,qc,baseline,choco-fr,Nous vous invitons à remplir votre déclaration d'impôt provinciale avant la date limite et à conserver vos relevés d'emploi.,"Veuillez compléter votre formulaire de déclaration fiscale provincial en temps utile, puis conservez les documents relatifs aux employeurs.",0.0,0.0,1.0,False,False
REG006,register,qc,canadian,choco-fr,Nous vous invitons à remplir votre déclaration d'impôt provinciale avant la date limite et à conserver vos relevés d'emploi.,"Votre participation est sollicitée pour compléter le formulaire de taxe provincial dans les temps impartis, tout en conservant intacts vos bulletins professionnels.",0.0,0.0,1.0,False,False
REG006,register,qc,metropolitan,choco-fr,Nous vous invitons à remplir votre déclaration d'impôt provinciale avant la date limite et à conserver vos relevés d'emploi.,"Votre participation est sollicitée pour compléter le formulaire de taxe locale dans les délais impartis, tout en conservant intacts vos documents liés au travail.",0.0,0.0,1.0,False,False
REG006,register,qc,proofread,choco-fr,Nous vous invitons à remplir votre déclaration d'impôt provinciale avant la date limite et à conserver vos relevés d'emploi.,"Nous vous invitons à compléter votre déclaration fiscale provinciale avant le terme imparti, tout en conservant vos bulletins de paie.",0.0,0.0,1.0,False,False
SEM001,semantic,qc,baseline,choco-fr,Le déjeuner sera servi à 8 h dans le hall d'entrée.,Le repas du midi sera dispensé au niveau de l'accueil principal à partir de 16 heures.,0.0,0.0,1.0,False,False
SEM001,semantic,qc,canadian,choco-fr,Le déjeuner sera servi à 8 h dans le hall d'entrée.,La collation se tiendra au salon principal aux horaires de huit heures du matin.,0.0,0.0,1.0,False,False
SEM001,semantic,qc,metropolitan,choco-fr,Le déjeuner sera servi à 8 h dans le hall d'entrée.,"La célébration du repas se tiendra au crépuscule de l'heure des huit heures, en plein milieu du vestibule accueillant les visiteurs.",0.0,0.0,1.0,False,False
SEM001,semantic,qc,proofread,choco-fr,Le déjeuner sera servi à 8 h dans le hall d'entrée.,Le déjeuner sera servi à 18 heures dans la salle d'entrée.,1.0,0.0,0.0,False,False
SEM002,semantic,qc,baseline,choco-fr,"Après le dîner, nous retournerons au travail vers 13 h.","Après le repas du soir, nous reprendrons nos occupations professionnelles à partir de 13 heures.",0.0,0.0,1.0,False,False
SEM002,semantic,qc,canadian,choco-fr,"Après le dîner, nous retournerons au travail vers 13 h.","Lorsque la table sera vide après repas du soir, revenrons aux affaires à l'heure de midi heureuse.",0.0,0.0,1.0,False,False
SEM002,semantic,qc,metropolitan,choco-fr,"Après le dîner, nous retournerons au travail vers 13 h.","Suivi du repas, nous reprendrons nos occupations professionnelles à partir de l'heure de midi.",0.0,0.0,1.0,False,False
SEM002,semantic,qc,proofread,choco-fr,"Après le dîner, nous retournerons au travail vers 13 h.","Après le dîner, nous retournons au travail à 13 heures.",1.0,0.0,0.0,False,False
SEM003,semantic,qc,baseline,choco-fr,Nous souperons vers 18 h avec les grands-parents.,Dînerons auprès des grands-parents à partir de 18 heures.,0.0,1.0,1.0,False,False
SEM003,semantic,qc,canadian,choco-fr,Nous souperons vers 18 h avec les grands-parents.,"On dînera chez nos grands-parents à peu près à la fin de l'après-midi, autour de 18 heures.",0.0,0.0,1.0,False,False
SEM003,semantic,qc,metropolitan,choco-fr,Nous souperons vers 18 h avec les grands-parents.,Dînerons à peu près dans l'après-midi du soir avec nos grands-parents.,0.0,1.0,1.0,False,False
SEM003,semantic,qc,proofread,choco-fr,Nous souperons vers 18 h avec les grands-parents.,Nous dînerons vers 18 heures avec les grands-parents.,0.0,1.0,1.0,False,False
SEM004,semantic,qc,baseline,choco-fr,N'oubliez pas de barrer la porte en partant.,N'oubliez pas de fermer à clé la porte derrière vous lors du départ.,0.0,0.0,1.0,False,False
SEM004,semantic,qc,canadian,choco-fr,N'oubliez pas de barrer la porte en partant.,Évitez d'oublier de fermer à clé la porte derrière vous lors du départ.,0.0,0.0,1.0,False,False
SEM004,semantic,qc,metropolitan,choco-fr,N'oubliez pas de barrer la porte en partant.,Assurez-vous toujours d'envelopper fermement votre portail avant de quitter l'endroit.,0.0,0.0,1.0,False,False
SEM004,semantic,qc,proofread,choco-fr,N'oubliez pas de barrer la porte en partant.,N'oubliez pas de fermer bien la porte derrière vous quand vous partez.,0.0,0.0,1.0,False,False
SEM005,semantic,qc,baseline,choco-fr,Une liqueur est incluse avec le repas du midi.,La nourriture de déjeuner comprend une boisson alcoolisée.,0.0,0.0,1.0,False,False
SEM005,semantic,qc,canadian,choco-fr,Une liqueur est incluse avec le repas du midi.,On y ajoute une boisson alcoolisée lors de la collation après-midi.,0.0,0.0,1.0,False,False
SEM005,semantic,qc,metropolitan,choco-fr,Une liqueur est incluse avec le repas du midi.,La consommation d'une boisson alcoolisée accompagne traditionnellement la collation de l'après-midi.,0.0,0.0,1.0,False,False
SEM005,semantic,qc,proofread,choco-fr,Une liqueur est incluse avec le repas du midi.,Une liqueur est servie avec le déjeuner du midi.,1.0,0.0,0.0,False,False
SEM006,semantic,qc,baseline,choco-fr,Je vais présentement m'occuper de ton dossier.,Je me penche actuellement sur ta situation personnelle.,0.0,1.0,1.0,False,False
SEM006,semantic,qc,canadian,choco-fr,Je vais présentement m'occuper de ton dossier.,J'ai l'intention actuelle de traiter ta demande en détail.,0.0,0.0,1.0,False,False
SEM006,semantic,qc,metropolitan,choco-fr,Je vais présentement m'occuper de ton dossier.,Je me consacre actuellement à la gestion de ta documentation personnelle.,0.0,1.0,1.0,False,False
SEM006,semantic,qc,proofread,choco-fr,Je vais présentement m'occuper de ton dossier.,Je vais actuellement me consacrer à ton dossier.,0.0,1.0,1.0,False,False
SEM007,semantic,qc,baseline,choco-fr,La poudrerie réduira la visibilité sur les routes ce soir.,La neige va diminuer la visibilité routière cet après-midi.,0.0,0.0,1.0,False,False
SEM007,semantic,qc,canadian,choco-fr,La poudrerie réduira la visibilité sur les routes ce soir.,L'épaisseur de neige va diminuer l'illumination des trottoirs pour demain matin.,0.0,0.0,1.0,False,False
SEM007,semantic,qc,metropolitan,choco-fr,La poudrerie réduira la visibilité sur les routes ce soir.,Les nuages de fumée diminueront l'opacité des voies à venir dans notre région.,0.0,0.0,1.0,False,False
SEM007,semantic,qc,proofread,choco-fr,La poudrerie réduira la visibilité sur les routes ce soir.,La poudrerie diminuera la visibilité sur les routes cet après-midi.,1.0,0.0,0.0,False,False
SEM008,semantic,qc,baseline,choco-fr,Ma blonde et moi allons déménager le premier juillet.,Jeux vidéo : Mon blond et moi déménageons début juillet.,0.0,0.0,1.0,False,False
SEM008,semantic,qc,canadian,choco-fr,Ma blonde et moi allons déménager le premier juillet.,Moi-même ainsi que ma chevelure dorée avancent vers un nouveau départ dès le premier de juillet.,0.0,0.0,1.0,False,False
SEM008,semantic,qc,metropolitan,choco-fr,Ma blonde et moi allons déménager le premier juillet.,Jeux de couleurs dorées m'accompagnent dans ce nouveau départ prévu pour le premier juillet.,0.0,0.0,1.0,False,False
SEM008,semantic,qc,proofread,choco-fr,Ma blonde et moi allons déménager le premier juillet.,Ma brune et moi allons déménager le premier de juillet.,0.0,0.0,1.0,False,False
TER001,terminology,qc,baseline,choco-fr,Votre téléphone intelligent peut se connecter au réseau sans fil de la maison.,Votre smartphone est capable d'établir une connexion sans fil à l'infrastructure Wi-Fi domestique.,0.5,0.5,1.0,False,False
TER001,terminology,qc,canadian,choco-fr,Votre téléphone intelligent peut se connecter au réseau sans fil de la maison.,Le smartphone que vous possédez est capable d'établir une connexion à un réseau Wi-Fi domestique.,0.0,1.0,1.0,False,False
TER001,terminology,qc,metropolitan,choco-fr,Votre téléphone intelligent peut se connecter au réseau sans fil de la maison.,Le smartphone à votre disposition est capable d'établir une connexion Wi-Fi dans l'environnement domestique.,0.0,1.0,1.0,False,False
TER001,terminology,qc,proofread,choco-fr,Votre téléphone intelligent peut se connecter au réseau sans fil de la maison.,Votre téléphone intelligent peut se connecter au réseau Wi-Fi de la maison.,0.5,0.5,0.0,False,False
TER002,terminology,qc,baseline,choco-fr,Méfiez-vous des tentatives d'hameçonnage qui imitent nos courriels officiels.,Préparez-vous contre les escroqueries par hameçonnage ressemblant aux communications officielles de notre entreprise.,0.5,0.0,0.5,False,False
TER002,terminology,qc,canadian,choco-fr,Méfiez-vous des tentatives d'hameçonnage qui imitent nos courriels officiels.,Préparez-vous contre les escroqueries à l'email ressemblant aux communications officielles de notre organisation.,0.0,0.0,1.0,False,False
TER002,terminology,qc,metropolitan,choco-fr,Méfiez-vous des tentatives d'hameçonnage qui imitent nos courriels officiels.,Soyez vigilants face aux escroqueries par hameçonnage ressemblant à notre correspondance officielle.,0.5,0.0,0.5,False,False
TER002,terminology,qc,proofread,choco-fr,Méfiez-vous des tentatives d'hameçonnage qui imitent nos courriels officiels.,Méfiez-vous des tentatives d'hameçonnage qui imitent vos courriels officiels.,1.0,0.0,0.0,False,False
TER003,terminology,qc,baseline,choco-fr,La migration vers l'infonuagique réduira les coûts d'exploitation.,Le passage à une économie numérique diminuerait les dépenses de fonctionnement.,0.0,0.0,1.0,False,False
TER003,terminology,qc,canadian,choco-fr,La migration vers l'infonuagique réduira les coûts d'exploitation.,Le déplacement dans la sphère numérique va diminuer les frais de fonctionnement.,0.0,0.0,1.0,False,False
TER003,terminology,qc,metropolitan,choco-fr,La migration vers l'infonuagique réduira les coûts d'exploitation.,Le déplacement au sein de la sphère numérique diminuerait significativement les frais opérationnels.,0.0,0.0,1.0,False,False
TER003,terminology,qc,proofread,choco-fr,La migration vers l'infonuagique réduira les coûts d'exploitation.,La migration vers l'informatique numérique réduira les coûts d'exploitation.,0.0,0.0,1.0,False,False
TER004,terminology,qc,baseline,choco-fr,Ce site utilise des témoins pour mémoriser vos préférences.,Ce site recueille des données de suivi afin d'enregistrer les choix et habitudes personnelles.,0.0,0.0,1.0,False,False
TER004,terminology,qc,canadian,choco-fr,Ce site utilise des témoins pour mémoriser vos préférences.,On se sert de ces indicateurs pour enregistrer tes goûts personnels.,0.0,0.0,1.0,False,False
TER004,terminology,qc,metropolitan,choco-fr,Ce site utilise des témoins pour mémoriser vos préférences.,Le contenu de ce domaine s'appuie sur un système d'étagères virtuels afin de conserver en stock les choix personnels du visiteur.,0.0,0.0,1.0,False,False
TER004,terminology,qc,proofread,choco-fr,Ce site utilise des témoins pour mémoriser vos préférences.,Ce site utilise des cookies pour stocker vos préférences.,0.0,1.0,1.0,False,False
TER005,terminology,qc,baseline,choco-fr,L'attaque par rançongiciel a chiffré les serveurs de l'organisme.,La cyberattaque à base d'espionnage financier a touché les infrastructures informatiques de l'organisation.,0.0,0.0,1.0,False,False
TER005,terminology,qc,canadian,choco-fr,L'attaque par rançongiciel a chiffré les serveurs de l'organisme.,La cyberattaque à base d'un logiciel malveillant a causé des dommages aux serveurs de cette entité.,0.0,0.0,1.0,False,False
TER005,terminology,qc,metropolitan,choco-fr,L'attaque par rançongiciel a chiffré les serveurs de l'organisme.,"La cyberattaque à base d'un logiciel malveillant s'est abattue sur le réseau informatique des institutions concernées, entraînant une perturbation significative dans leurs opérations en ligne.",0.0,0.0,1.0,False,False
TER005,terminology,qc,proofread,choco-fr,L'attaque par rançongiciel a chiffré les serveurs de l'organisme.,L'attaque par ransomware a crypté les serveurs de l'organisation.,0.0,1.0,1.0,False,False
TER006,terminology,qc,baseline,choco-fr,Nos modèles d'apprentissage automatique sont entraînés sur des mégadonnées anonymisées.,Notre formation de systèmes d'IA repose sur l'analyse de données massives et désanonymisées.,0.0,0.0,1.0,False,False
TER006,terminology,qc,canadian,choco-fr,Nos modèles d'apprentissage automatique sont entraînés sur des mégadonnées anonymisées.,Notre série de systèmes d'intelligence artificielle est formée à partir de données massives et dévoilées sans noms ni identifiants personnels.,0.0,0.0,1.0,False,False
TER006,terminology,qc,metropolitan,choco-fr,Nos modèles d'apprentissage automatique sont entraînés sur des mégadonnées anonymisées.,Les systèmes de formation par apprentissage automatique se nourrissent de vastes ensembles de données désanonymisées.,0.5,0.0,0.5,False,False
TER006,terminology,qc,proofread,choco-fr,Nos modèles d'apprentissage automatique sont entraînés sur des mégadonnées anonymisées.,Nos modèles d'apprentissage automatique sont entraînés sur des données massives anonymisées.,0.5,0.0,0.5,False,False
TER007,terminology,qc,baseline,choco-fr,Ajoutez un égoportrait à votre profil pour personnaliser votre compte.,Incluez une photo de vous dans vos informations d'utilisateur afin de mieux définir votre identité en ligne.,0.0,0.0,1.0,False,False
TER007,terminology,qc,canadian,choco-fr,Ajoutez un égoportrait à votre profil pour personnaliser votre compte.,Incluez une photo de vous-même dans vos informations d'utilisateur afin de rendre plus distinctif votre identité en ligne.,0.0,0.0,1.0,False,False
TER007,terminology,qc,metropolitan,choco-fr,Ajoutez un égoportrait à votre profil pour personnaliser votre compte.,Incluez une image de profil qui reflète votre identité dans la présentation du contenu personnel sur vos informations en ligne.,0.0,0.0,1.0,False,False
TER007,terminology,qc,proofread,choco-fr,Ajoutez un égoportrait à votre profil pour personnaliser votre compte.,Ajoutez une photo de profil pour personnaliser votre compte.,0.0,0.0,1.0,False,False
TER008,terminology,qc,baseline,choco-fr,Vous pouvez présenter une demande d'assurance-emploi en ligne.,Vous avez la possibilité de soumettre une demande d'assurance-emploi via un service en ligne.,1.0,0.0,0.0,False,False
TER008,terminology,qc,canadian,choco-fr,Vous pouvez présenter une demande d'assurance-emploi en ligne.,On peut soumettre une requête pour l'obtention de la protection sociale auprès des services dédiés sur Internet.,0.0,0.0,1.0,False,False
TER008,terminology,qc,metropolitan,choco-fr,Vous pouvez présenter une demande d'assurance-emploi en ligne.,Il est possible de soumettre une requête pour l'obtention d'une assurance-chômage via un support numérique.,0.0,1.0,1.0,False,False
TER008,terminology,qc,proofread,choco-fr,Vous pouvez présenter une demande d'assurance-emploi en ligne.,Vous pouvez présenter une demande d'assurance-chômage en ligne.,0.0,1.0,1.0,False,False
TER009,terminology,qc,baseline,choco-fr,Le pilote de l'imprimante et le module d'extension du navigateur ont été mis à jour.,La fonctionnalité principale de l'imprimante ainsi que la composante supplémentaire pour le navigateur web a reçu une mise à jour récente.,0.0,0.0,1.0,False,False
TER009,terminology,qc,canadian,choco-fr,Le pilote de l'imprimante et le module d'extension du navigateur ont été mis à jour.,La meneuse des commandes pour la machine à imprimer ainsi que les extensions supplémentaires pour le navigateur web se sont vu apporter une mise à jour récente.,0.0,0.0,1.0,False,False
TER009,terminology,qc,metropolitan,choco-fr,Le pilote de l'imprimante et le module d'extension du navigateur ont été mis à jour.,La gestionnaire des impressions ainsi que la fonctionnalité supplémentaire pour les navigateurs a subi une mise à jour récente.,0.0,0.0,1.0,False,False
TER009,terminology,qc,proofread,choco-fr,Le pilote de l'imprimante et le module d'extension du navigateur ont été mis à jour.,Le pilote de l'imprimante ainsi que le module d'extension du navigateur ont été mis à jour.,1.0,0.0,0.0,False,False
TER010,terminology,qc,baseline,choco-fr,Présentez-vous à un point de service de la SAAQ avec votre permis de conduire.,Arrivez au poste d'accueil du Service des Automobilistes pour présenter votre permis de conduire.,0.0,0.0,1.0,False,False
TER010,terminology,qc,canadian,choco-fr,Présentez-vous à un point de service de la SAAQ avec votre permis de conduire.,Arrivez au poste d'assistance du Service des automobiles et afficherons notre carte grise pour obtenir les renseignements nécessaires.,0.0,0.0,1.0,False,False
TER010,terminology,qc,metropolitan,choco-fr,Présentez-vous à un point de service de la SAAQ avec votre permis de conduire.,Arrivez au poste d'accueil du Service des Automobilistes et Accidents (SAAQ) en portant votre carte de conducteur valide.,1.0,0.0,0.0,False,False
TER010,terminology,qc,proofread,choco-fr,Présentez-vous à un point de service de la SAAQ avec votre permis de conduire.,Présentez-vous au point de service de l'Office des assurances automobiles du Québec (SAAQ) avec votre permis de conduire.,1.0,0.0,0.0,False,False
